,0
0,"(42, 1, 3, -1, None, None)"
1,"(296, 1, 5, -1, None, None)"
2,"(1793, 1, -1, 6, None, None)"
3,"(2411, 1, -1, 1, None, None)"
4,"(2634, 1, 3, -1, None, None)"
5,"(2957, 1, -1, 2, None, None)"
6,"(3714, 1, 7, -1, None, None)"
7,"(4682, 1, -1, 3, None, None)"
8,"(5178, 1, -1, 8, None, None)"
9,"(6131, 1, 9, -1, None, None)"
10,"(7347, 1, 9, -1, None, None)"
11,"(8245, 1, 1, -1, None, None)"
12,"(8412, 1, -1, 3, None, None)"
13,"(9272, 1, 5, -1, None, None)"
14,"(9584, 1, 9, -1, None, None)"
15,"(10291, 1, 5, -1, None, None)"
16,"(10541, 1, 4, -1, None, None)"
17,"(10976, 1, -1, 5, None, None)"
18,"(12119, 1, 7, -1, None, None)"
19,"(12447, 1, 6, -1, None, None)"
20,"(13187, 1, 8, -1, None, None)"
21,"(15248, 1, 0, -1, None, None)"
22,"(15984, 1, 3, -1, None, None)"
23,"(16434, 1, 0, -1, None, None)"
24,"(17609, 1, -1, 6, None, None)"
25,"(18176, 1, -1, 6, None, None)"
26,"(18636, 1, -1, 1, None, None)"
27,"(18730, 1, 0, -1, None, None)"
28,"(19156, 1, -1, 3, None, None)"
29,"(19354, 1, -1, 5, None, None)"
30,"(19662, 1, 1, -1, None, None)"
31,"(20039, 1, -1, 8, None, None)"
32,"(20108, 1, 0, -1, None, None)"
33,"(21617, 1, 2, -1, None, None)"
34,"(22382, 1, 5, -1, None, None)"
35,"(22453, 1, -1, 0, None, None)"
36,"(22766, 1, 6, -1, None, None)"
37,"(24063, 1, 4, -1, None, None)"
38,"(24610, 1, 0, -1, None, None)"
39,"(25088, 1, 9, -1, None, None)"
40,"(25149, 1, 2, -1, None, None)"
41,"(25937, 1, -1, 8, None, None)"
42,"(26465, 1, 3, -1, None, None)"
43,"(26941, 1, 3, -1, None, None)"
44,"(27198, 1, -1, 5, None, None)"
45,"(27496, 1, -1, 2, None, None)"
46,"(27553, 1, 7, -1, None, None)"
47,"(30100, 1, -1, 0, None, None)"
48,"(30480, 1, 1, -1, None, None)"
49,"(30913, 1, 0, -1, None, None)"
50,"(31404, 1, -1, 0, None, None)"
51,"(33206, 1, -1, 9, None, None)"
52,"(33462, 1, -1, 2, None, None)"
53,"(33467, 1, -1, 8, None, None)"
54,"(34048, 1, -1, 9, None, None)"
55,"(34052, 1, -1, 3, None, None)"
56,"(37128, 1, -1, 0, None, None)"
57,"(38149, 1, -1, 8, None, None)"
58,"(38529, 1, -1, 7, None, None)"
59,"(40300, 1, 8, -1, None, None)"
60,"(40592, 1, 7, -1, None, None)"
61,"(42469, 1, 7, -1, None, None)"
62,"(42760, 1, 2, -1, None, None)"
63,"(43951, 1, 3, -1, None, None)"
64,"(44003, 1, -1, 9, None, None)"
65,"(44108, 1, -1, 5, None, None)"
66,"(44504, 1, -1, 5, None, None)"
67,"(44561, 1, -1, 4, None, None)"
68,"(44796, 1, 5, -1, None, None)"
69,"(44935, 1, 1, -1, None, None)"
70,"(46080, 1, 1, -1, None, None)"
71,"(46294, 1, -1, 9, None, None)"
72,"(46518, 1, -1, 0, None, None)"
73,"(46700, 1, -1, 7, None, None)"
74,"(46831, 1, -1, 4, None, None)"
75,"(47770, 1, 1, -1, None, None)"
76,"(47868, 1, -1, 1, None, None)"
77,"(49323, 1, -1, 7, None, None)"
78,"(49327, 1, -1, 0, None, None)"
79,"(49501, 1, -1, 7, None, None)"
80,"(49868, 1, 0, -1, None, None)"
81,"(49871, 1, -1, 6, None, None)"
82,"(50238, 1, -1, 3, None, None)"
83,"(50610, 1, 3, -1, None, None)"
84,"(51840, 1, -1, 3, None, None)"
85,"(52365, 1, -1, 6, None, None)"
86,"(53834, 1, 3, -1, None, None)"
87,"(53969, 1, 6, -1, None, None)"
88,"(55266, 1, 0, -1, None, None)"
89,"(56596, 1, 0, -1, None, None)"
90,"(56749, 1, 5, -1, None, None)"
91,"(57246, 1, -1, 4, None, None)"
92,"(57596, 1, 4, -1, None, None)"
93,"(58217, 1, -1, 1, None, None)"
94,"(59348, 1, 2, -1, None, None)"
95,"(61364, 1, 2, -1, None, None)"
96,"(61390, 1, -1, 8, None, None)"
97,"(61771, 1, -1, 5, None, None)"
98,"(62069, 1, -1, 5, None, None)"
99,"(62332, 1, -1, 3, None, None)"
100,"(63159, 1, 1, -1, None, None)"
101,"(63587, 1, 9, -1, None, None)"
102,"(64104, 1, -1, 5, None, None)"
103,"(65563, 1, 6, -1, None, None)"
104,"(67220, 1, 8, -1, None, None)"
105,"(67267, 1, -1, 3, None, None)"
106,"(67439, 1, -1, 9, None, None)"
107,"(67769, 1, 7, -1, None, None)"
108,"(67988, 1, -1, 0, None, None)"
109,"(68366, 1, 8, -1, None, None)"
110,"(68427, 1, 4, -1, None, None)"
111,"(68564, 1, 0, -1, None, None)"
112,"(70292, 1, -1, 4, None, None)"
113,"(70324, 1, -1, 6, None, None)"
114,"(70678, 1, 0, -1, None, None)"
115,"(71346, 1, 8, -1, None, None)"
116,"(72701, 1, 0, -1, None, None)"
117,"(73351, 1, 1, -1, None, None)"
118,"(74377, 1, 4, -1, None, None)"
119,"(74546, 1, -1, 5, None, None)"
120,"(74936, 1, -1, 1, None, None)"
121,"(75447, 1, 3, -1, None, None)"
122,"(75853, 1, 6, -1, None, None)"
123,"(75871, 1, 8, -1, None, None)"
124,"(76045, 1, -1, 4, None, None)"
125,"(76494, 1, 2, -1, None, None)"
126,"(76845, 1, 4, -1, None, None)"
127,"(77225, 1, 6, -1, None, None)"
128,"(78166, 1, -1, 3, None, None)"
129,"(78743, 1, -1, 9, None, None)"
130,"(80858, 1, 7, -1, None, None)"
131,"(80995, 1, 1, -1, None, None)"
132,"(81619, 1, -1, 7, None, None)"
133,"(82582, 1, 7, -1, None, None)"
134,"(82665, 1, -1, 8, None, None)"
135,"(82686, 1, -1, 4, None, None)"
136,"(83434, 1, -1, 4, None, None)"
137,"(84483, 1, 9, -1, None, None)"
138,"(85171, 1, 8, -1, None, None)"
139,"(85698, 1, 2, -1, None, None)"
140,"(85838, 1, 5, -1, None, None)"
141,"(86321, 1, -1, 7, None, None)"
142,"(86455, 1, -1, 3, None, None)"
143,"(88457, 1, -1, 5, None, None)"
144,"(88771, 1, 0, -1, None, None)"
145,"(89471, 1, 6, -1, None, None)"
146,"(89598, 1, 7, -1, None, None)"
147,"(90085, 1, 6, -1, None, None)"
148,"(90362, 1, 7, -1, None, None)"
149,"(90519, 1, -1, 1, None, None)"
150,"(90849, 1, -1, 0, None, None)"
151,"(90902, 1, 0, -1, None, None)"
152,"(92758, 1, 9, -1, None, None)"
153,"(93002, 1, 4, -1, None, None)"
154,"(93008, 1, 0, -1, None, None)"
155,"(93088, 1, 9, -1, None, None)"
156,"(93754, 1, 5, -1, None, None)"
157,"(93908, 1, 0, -1, None, None)"
158,"(94681, 1, -1, 8, None, None)"
159,"(95954, 1, 4, -1, None, None)"
160,"(96089, 1, -1, 9, None, None)"
161,"(96681, 1, 4, -1, None, None)"
162,"(97180, 1, 8, -1, None, None)"
163,"(97521, 1, 2, -1, None, None)"
164,"(99195, 1, 1, -1, None, None)"
165,"(99285, 1, 3, -1, None, None)"
166,"(99942, 1, -1, 0, None, None)"
167,"(100019, 1, 0, -1, None, None)"
168,"(100504, 1, -1, 3, None, None)"
169,"(100816, 1, -1, 2, None, None)"
170,"(101379, 1, -1, 6, None, None)"
171,"(101401, 1, -1, 7, None, None)"
172,"(101848, 1, 8, -1, None, None)"
173,"(102169, 1, 3, -1, None, None)"
174,"(102171, 1, 2, -1, None, None)"
175,"(102240, 1, -1, 4, None, None)"
176,"(102637, 1, 9, -1, None, None)"
177,"(102827, 1, -1, 2, None, None)"
178,"(103035, 1, -1, 4, None, None)"
179,"(103222, 1, -1, 3, None, None)"
180,"(103366, 1, -1, 1, None, None)"
181,"(104197, 1, -1, 9, None, None)"
182,"(104697, 1, -1, 6, None, None)"
183,"(105768, 1, 6, -1, None, None)"
184,"(107630, 1, 4, -1, None, None)"
185,"(107948, 1, 7, -1, None, None)"
186,"(107964, 1, 4, -1, None, None)"
187,"(107999, 1, -1, 0, None, None)"
188,"(108719, 1, 5, -1, None, None)"
189,"(108725, 1, -1, 9, None, None)"
190,"(109733, 1, 6, -1, None, None)"
191,"(110279, 1, 2, -1, None, None)"
192,"(110500, 1, 2, -1, None, None)"
193,"(111366, 1, -1, 7, None, None)"
194,"(111558, 1, -1, 4, None, None)"
195,"(111911, 1, -1, 6, None, None)"
196,"(112264, 1, 6, -1, None, None)"
197,"(113785, 1, 1, -1, None, None)"
198,"(114043, 1, -1, 5, None, None)"
199,"(114650, 1, 3, -1, None, None)"
200,"(115465, 1, -1, 4, None, None)"
201,"(115881, 1, -1, 3, None, None)"
202,"(116093, 1, 0, -1, None, None)"
203,"(116529, 1, 4, -1, None, None)"
204,"(117337, 1, 9, -1, None, None)"
205,"(117610, 1, 9, -1, None, None)"
206,"(118379, 1, 5, -1, None, None)"
207,"(118789, 1, 5, -1, None, None)"
208,"(119599, 1, -1, 4, None, None)"
209,"(119765, 1, 0, -1, None, None)"
210,"(119768, 1, -1, 0, None, None)"
211,"(119946, 1, -1, 8, None, None)"
212,"(120524, 1, -1, 3, None, None)"
213,"(121546, 1, -1, 0, None, None)"
214,"(122858, 1, -1, 6, None, None)"
215,"(122965, 1, 4, -1, None, None)"
216,"(123837, 1, 8, -1, None, None)"
217,"(124981, 1, -1, 5, None, None)"
218,"(125855, 1, 4, -1, None, None)"
219,"(126665, 1, 5, -1, None, None)"
220,"(126749, 1, -1, 1, None, None)"
221,"(127330, 1, -1, 3, None, None)"
222,"(128261, 1, -1, 6, None, None)"
223,"(128274, 1, 0, -1, None, None)"
224,"(129430, 1, -1, 3, None, None)"
225,"(129796, 1, -1, 9, None, None)"
226,"(129853, 1, -1, 5, None, None)"
227,"(132005, 1, -1, 5, None, None)"
228,"(132293, 1, -1, 6, None, None)"
229,"(132430, 1, -1, 5, None, None)"
230,"(132644, 1, 0, -1, None, None)"
231,"(134322, 1, -1, 2, None, None)"
232,"(134692, 1, 3, -1, None, None)"
233,"(135419, 1, -1, 4, None, None)"
234,"(137259, 1, 2, -1, None, None)"
235,"(138010, 1, 1, -1, None, None)"
236,"(138210, 1, 9, -1, None, None)"
237,"(138304, 1, -1, 6, None, None)"
238,"(138998, 1, 4, -1, None, None)"
239,"(139163, 1, -1, 8, None, None)"
240,"(139753, 1, 9, -1, None, None)"
241,"(140440, 1, -1, 8, None, None)"
242,"(140518, 1, -1, 6, None, None)"
243,"(140826, 1, -1, 7, None, None)"
244,"(141694, 1, 6, -1, None, None)"
245,"(142895, 1, 0, 2, None, None)"
246,"(143261, 1, -1, 3, None, None)"
247,"(143794, 1, -1, 2, None, None)"
248,"(144057, 1, 3, -1, None, None)"
249,"(144365, 1, 3, -1, None, None)"
250,"(144720, 1, 6, -1, None, None)"
251,"(146106, 1, -1, 5, None, None)"
252,"(146179, 1, 4, -1, None, None)"
253,"(146432, 1, 7, -1, None, None)"
254,"(146761, 1, 1, -1, None, None)"
255,"(147910, 1, -1, 0, None, None)"
256,"(148275, 1, -1, 7, None, None)"
257,"(148652, 1, 3, -1, None, None)"
258,"(149708, 1, -1, 2, None, None)"
259,"(150933, 1, -1, 5, None, None)"
260,"(152229, 1, 3, -1, None, None)"
261,"(153179, 1, 0, -1, None, None)"
262,"(153554, 1, -1, 8, None, None)"
263,"(153557, 1, -1, 2, None, None)"
264,"(154122, 1, 3, -1, None, None)"
265,"(155666, 1, 6, -1, None, None)"
266,"(157688, 1, 1, -1, None, None)"
267,"(158000, 1, 8, -1, None, None)"
268,"(158077, 1, -1, 7, None, None)"
269,"(158480, 1, 8, -1, None, None)"
270,"(162499, 1, -1, 6, None, None)"
271,"(162776, 1, -1, 9, None, None)"
272,"(162876, 1, -1, 0, None, None)"
273,"(162983, 1, -1, 0, None, None)"
274,"(163403, 1, -1, 9, None, None)"
275,"(163409, 1, -1, 1, None, None)"
276,"(164786, 1, 0, -1, None, None)"
277,"(165643, 1, -1, 8, None, None)"
278,"(165704, 1, -1, 5, None, None)"
279,"(165975, 1, 0, -1, None, None)"
280,"(166208, 1, 3, -1, None, None)"
281,"(166352, 1, 5, -1, None, None)"
282,"(166438, 1, -1, 9, None, None)"
283,"(166601, 1, 7, -1, None, None)"
284,"(168865, 1, -1, 0, None, None)"
285,"(169146, 1, 0, -1, None, None)"
286,"(169678, 1, 9, -1, None, None)"
287,"(169746, 1, 4, -1, None, None)"
288,"(171812, 1, 0, -1, None, None)"
289,"(172147, 1, -1, 9, None, None)"
290,"(173416, 1, -1, 6, None, None)"
291,"(174264, 1, -1, 4, None, None)"
292,"(174477, 1, 9, -1, None, None)"
293,"(174556, 1, 4, -1, None, None)"
294,"(174742, 1, -1, 5, None, None)"
295,"(174864, 1, 3, -1, None, None)"
296,"(174977, 1, -1, 5, None, None)"
297,"(175158, 1, 1, -1, None, None)"
298,"(175246, 1, 4, -1, None, None)"
299,"(175277, 1, -1, 3, None, None)"
300,"(175494, 1, 0, -1, None, None)"
301,"(175951, 1, 1, -1, None, None)"
302,"(176091, 1, 3, -1, None, None)"
303,"(176160, 1, -1, 4, None, None)"
304,"(176590, 1, 0, -1, None, None)"
305,"(177943, 1, 6, -1, None, None)"
306,"(178611, 1, -1, 6, None, None)"
307,"(178891, 1, -1, 5, None, None)"
308,"(178961, 1, 2, -1, None, None)"
309,"(179353, 1, 6, -1, None, None)"
310,"(179468, 1, 3, -1, None, None)"
311,"(180638, 1, 4, -1, None, None)"
312,"(181899, 1, 9, -1, None, None)"
313,"(182008, 1, 6, -1, None, None)"
314,"(184153, 1, -1, 2, None, None)"
315,"(184514, 1, -1, 2, None, None)"
316,"(185638, 1, -1, 9, None, None)"
317,"(186661, 1, 7, -1, None, None)"
318,"(187180, 1, 4, -1, None, None)"
319,"(188252, 1, -1, 7, None, None)"
320,"(189182, 1, 1, -1, None, None)"
321,"(189345, 1, 4, -1, None, None)"
322,"(189744, 1, -1, 1, None, None)"
323,"(192717, 1, -1, 6, None, None)"
324,"(192720, 1, -1, 7, None, None)"
325,"(193475, 1, 6, -1, None, None)"
326,"(194116, 1, 3, -1, None, None)"
327,"(194690, 1, -1, 3, None, None)"
328,"(195178, 1, -1, 0, None, None)"
329,"(195422, 1, 0, -1, None, None)"
330,"(196002, 1, -1, 4, None, None)"
331,"(196457, 1, -1, 5, None, None)"
332,"(196832, 1, 6, -1, None, None)"
333,"(196876, 1, 6, -1, None, None)"
334,"(197190, 1, -1, 9, None, None)"
335,"(199608, 1, -1, 9, None, None)"
336,"(200221, 1, 0, -1, None, None)"
337,"(202680, 1, 7, -1, None, None)"
338,"(203081, 1, -1, 2, None, None)"
339,"(203585, 1, -1, 5, None, None)"
340,"(203915, 1, 7, -1, None, None)"
341,"(204707, 1, 4, -1, None, None)"
342,"(205423, 1, -1, 7, None, None)"
343,"(206537, 1, -1, 3, None, None)"
344,"(208311, 1, -1, 4, None, None)"
345,"(208478, 1, -1, 8, None, None)"
346,"(208625, 1, 7, -1, None, None)"
347,"(208721, 1, -1, 0, None, None)"
348,"(208817, 1, 6, -1, None, None)"
349,"(209559, 1, 1, -1, None, None)"
350,"(209660, 1, 3, -1, None, None)"
351,"(210669, 1, -1, 5, None, None)"
352,"(210975, 1, 0, -1, None, None)"
353,"(211865, 1, -1, 0, None, None)"
354,"(211957, 1, 6, -1, None, None)"
355,"(212676, 1, 6, -1, None, None)"
356,"(212695, 1, 7, -1, None, None)"
357,"(212848, 1, -1, 9, None, None)"
358,"(213248, 1, 6, -1, None, None)"
359,"(213855, 1, -1, 1, None, None)"
360,"(214938, 1, 8, -1, None, None)"
361,"(215171, 1, 6, -1, None, None)"
362,"(215675, 1, -1, 0, None, None)"
363,"(215875, 1, -1, 2, None, None)"
364,"(216319, 1, -1, 0, None, None)"
365,"(216787, 1, -1, 6, None, None)"
366,"(216862, 1, -1, 2, None, None)"
367,"(216876, 1, -1, 0, None, None)"
368,"(218029, 1, 4, -1, None, None)"
369,"(219040, 1, 2, -1, None, None)"
370,"(219152, 1, 9, -1, None, None)"
371,"(219551, 1, 4, -1, None, None)"
372,"(219885, 1, -1, 0, None, None)"
373,"(221001, 1, -1, 8, None, None)"
374,"(221065, 1, -1, 3, None, None)"
375,"(221582, 1, -1, 8, None, None)"
376,"(222279, 1, 9, -1, None, None)"
377,"(223230, 1, -1, 6, None, None)"
378,"(223846, 1, 8, -1, None, None)"
379,"(225790, 1, 5, -1, None, None)"
380,"(225972, 1, 3, -1, None, None)"
381,"(226388, 1, 7, -1, None, None)"
382,"(226530, 1, 4, -1, None, None)"
383,"(226663, 1, -1, 2, None, None)"
384,"(227278, 1, 9, -1, None, None)"
385,"(227568, 1, 3, -1, None, None)"
386,"(227731, 1, -1, 9, None, None)"
387,"(228696, 1, 4, -1, None, None)"
388,"(229399, 1, 1, -1, None, None)"
389,"(229817, 1, 4, -1, None, None)"
390,"(230063, 1, -1, 6, None, None)"
391,"(230249, 1, 0, -1, None, None)"
392,"(230279, 1, -1, 0, None, None)"
393,"(230451, 1, 7, -1, None, None)"
394,"(231792, 1, -1, 9, None, None)"
395,"(231803, 1, 4, -1, None, None)"
396,"(232326, 1, -1, 4, None, None)"
397,"(235058, 1, -1, 9, None, None)"
398,"(235446, 1, 2, -1, None, None)"
399,"(236053, 1, -1, 3, None, None)"
400,"(237271, 1, 2, -1, None, None)"
401,"(237635, 1, -1, 7, None, None)"
402,"(238211, 1, 6, -1, None, None)"
403,"(238599, 1, 7, -1, None, None)"
404,"(238784, 1, 4, -1, None, None)"
405,"(238840, 1, -1, 7, None, None)"
406,"(238965, 1, -1, 4, None, None)"
407,"(239411, 1, 4, -1, None, None)"
408,"(242106, 1, 1, -1, None, None)"
409,"(242630, 1, 2, -1, None, None)"
410,"(242639, 1, -1, 9, None, None)"
411,"(242822, 1, 0, -1, None, None)"
412,"(243341, 1, -1, 0, None, None)"
413,"(243936, 1, 6, -1, None, None)"
414,"(244956, 1, 4, -1, None, None)"
415,"(245509, 1, 0, -1, None, None)"
416,"(245659, 1, 9, -1, None, None)"
417,"(245969, 1, -1, 7, None, None)"
418,"(246795, 1, 9, -1, None, None)"
419,"(246824, 1, -1, 3, None, None)"
420,"(247360, 1, 1, -1, None, None)"
421,"(248381, 1, -1, 2, None, None)"
422,"(248525, 1, -1, 8, None, None)"
423,"(248552, 1, -1, 4, None, None)"
424,"(248716, 1, 9, -1, None, None)"
425,"(249653, 1, 8, -1, None, None)"
426,"(249747, 1, -1, 9, None, None)"
427,"(250122, 1, -1, 1, None, None)"
428,"(250865, 1, 6, -1, None, None)"
429,"(251060, 1, -1, 9, None, None)"
430,"(251473, 1, 7, -1, None, None)"
431,"(252001, 1, -1, 3, None, None)"
432,"(252225, 1, -1, 9, None, None)"
433,"(252295, 1, -1, 1, None, None)"
434,"(252921, 1, 6, -1, None, None)"
435,"(253072, 1, 3, -1, None, None)"
436,"(253532, 1, 8, -1, None, None)"
437,"(254353, 1, -1, 9, None, None)"
438,"(254435, 1, 0, -1, None, None)"
439,"(255809, 1, -1, 4, None, None)"
440,"(256160, 1, -1, 8, None, None)"
441,"(256267, 1, -1, 1, None, None)"
442,"(257128, 1, 3, -1, None, None)"
443,"(257309, 1, 4, -1, None, None)"
444,"(258363, 1, 6, -1, None, None)"
445,"(258661, 1, -1, 6, None, None)"
446,"(260296, 1, 7, -1, None, None)"
447,"(260647, 1, -1, 4, None, None)"
448,"(261507, 1, 1, -1, None, None)"
449,"(263890, 1, -1, 9, None, None)"
450,"(264148, 1, 2, -1, None, None)"
451,"(264500, 1, 3, -1, None, None)"
452,"(265340, 1, 2, -1, None, None)"
453,"(265745, 1, -1, 1, None, None)"
454,"(266349, 1, 6, -1, None, None)"
455,"(268321, 1, 6, -1, None, None)"
456,"(269426, 1, -1, 8, None, None)"
457,"(269447, 1, 6, -1, None, None)"
458,"(270385, 1, 9, -1, None, None)"
459,"(270511, 1, 2, -1, None, None)"
460,"(270823, 1, -1, 3, None, None)"
461,"(271447, 1, 1, -1, None, None)"
462,"(273862, 1, 5, -1, None, None)"
463,"(274141, 1, -1, 3, None, None)"
464,"(274375, 1, -1, 5, None, None)"
465,"(274557, 1, 2, -1, None, None)"
466,"(274971, 1, -1, 9, None, None)"
467,"(275959, 1, 1, -1, None, None)"
468,"(276719, 1, 7, -1, None, None)"
469,"(278009, 1, 2, -1, None, None)"
470,"(278022, 1, -1, 9, None, None)"
471,"(278351, 1, -1, 2, None, None)"
472,"(279432, 1, -1, 4, None, None)"
473,"(279570, 1, -1, 9, None, None)"
474,"(280294, 1, -1, 7, None, None)"
475,"(282602, 1, -1, 8, None, None)"
476,"(283049, 1, -1, 7, None, None)"
477,"(284632, 1, 7, -1, None, None)"
478,"(284790, 1, 1, -1, None, None)"
479,"(284886, 1, 2, -1, None, None)"
480,"(286150, 1, -1, 1, None, None)"
481,"(286196, 1, -1, 1, None, None)"
482,"(286829, 1, -1, 9, None, None)"
483,"(289694, 1, -1, 4, None, None)"
484,"(289887, 1, 8, -1, None, None)"
485,"(290141, 1, 5, -1, None, None)"
486,"(290214, 1, -1, 1, None, None)"
487,"(290351, 1, 3, -1, None, None)"
488,"(291772, 1, 5, -1, None, None)"
489,"(291979, 1, -1, 5, None, None)"
490,"(292358, 1, -1, 1, None, None)"
491,"(293682, 1, 2, -1, None, None)"
492,"(293716, 1, -1, 7, None, None)"
493,"(293951, 1, -1, 0, None, None)"
494,"(294441, 1, 7, -1, None, None)"
495,"(296022, 1, 6, -1, None, None)"
496,"(296064, 1, -1, 3, None, None)"
497,"(296236, 1, 8, -1, None, None)"
498,"(296392, 1, -1, 8, None, None)"
499,"(296556, 1, 9, -1, None, None)"
500,"(297530, 1, -1, 8, None, None)"
501,"(298427, 1, 0, -1, None, None)"
502,"(298778, 1, 5, -1, None, None)"
503,"(299185, 1, -1, 9, None, None)"
504,"(299938, 1, -1, 2, None, None)"
505,"(300027, 1, 3, -1, None, None)"
506,"(302621, 1, -1, 5, None, None)"
507,"(302939, 1, -1, 8, None, None)"
508,"(303659, 1, -1, 0, None, None)"
509,"(304401, 1, 9, -1, None, None)"
510,"(305635, 1, -1, 6, None, None)"
511,"(306314, 1, 5, -1, None, None)"
512,"(307228, 1, -1, 0, None, None)"
513,"(308916, 1, -1, 8, None, None)"
514,"(309318, 1, 8, -1, None, None)"
515,"(309390, 1, -1, 9, None, None)"
516,"(309584, 1, 0, -1, None, None)"
517,"(311144, 1, -1, 8, None, None)"
518,"(311238, 1, -1, 2, None, None)"
519,"(312228, 1, -1, 9, None, None)"
520,"(312482, 1, 1, -1, None, None)"
521,"(313285, 1, 7, -1, None, None)"
522,"(314130, 1, -1, 2, None, None)"
523,"(315414, 1, -1, 6, None, None)"
524,"(316027, 1, 2, -1, None, None)"
525,"(316269, 1, -1, 3, None, None)"
526,"(316563, 1, -1, 8, None, None)"
527,"(316857, 1, 0, -1, None, None)"
528,"(316935, 1, 8, -1, None, None)"
529,"(317118, 1, 4, -1, None, None)"
530,"(318103, 1, -1, 0, None, None)"
531,"(318907, 1, -1, 4, None, None)"
532,"(319891, 1, 2, -1, None, None)"
533,"(320494, 1, 3, -1, None, None)"
534,"(320928, 1, 0, -1, None, None)"
535,"(320970, 1, 1, -1, None, None)"
536,"(324024, 1, 6, -1, None, None)"
537,"(324103, 1, -1, 0, None, None)"
538,"(325030, 1, -1, 9, None, None)"
539,"(326760, 1, -1, 3, None, None)"
540,"(326932, 1, 5, -1, None, None)"
541,"(327214, 1, 9, -1, None, None)"
542,"(327581, 1, 4, -1, None, None)"
543,"(327646, 1, 7, -1, None, None)"
544,"(328319, 1, 4, -1, None, None)"
545,"(329009, 1, -1, 9, None, None)"
546,"(330048, 1, 0, -1, None, None)"
547,"(330760, 1, -1, 5, None, None)"
548,"(330913, 1, 1, -1, None, None)"
549,"(331007, 1, -1, 9, None, None)"
550,"(333277, 1, -1, 6, None, None)"
551,"(335337, 1, 7, -1, None, None)"
552,"(335486, 1, 4, -1, None, None)"
553,"(335788, 1, 0, -1, None, None)"
554,"(335934, 1, 9, -1, None, None)"
555,"(336040, 1, -1, 1, None, None)"
556,"(336364, 1, -1, 1, None, None)"
557,"(336734, 1, -1, 1, None, None)"
558,"(336967, 1, -1, 7, None, None)"
559,"(337239, 1, -1, 7, None, None)"
560,"(337373, 1, 6, -1, None, None)"
561,"(337941, 1, 2, -1, None, None)"
562,"(338053, 1, -1, 2, None, None)"
563,"(338447, 1, 3, -1, None, None)"
564,"(338772, 1, -1, 6, None, None)"
565,"(340872, 1, 2, -1, None, None)"
566,"(341461, 1, 4, -1, None, None)"
567,"(341835, 1, 4, -1, None, None)"
568,"(343388, 1, -1, 5, None, None)"
569,"(343446, 1, 6, -1, None, None)"
570,"(343615, 1, -1, 1, None, None)"
571,"(344123, 1, -1, 5, None, None)"
572,"(344209, 1, 8, -1, None, None)"
573,"(344554, 1, 3, -1, None, None)"
574,"(345650, 1, -1, 3, None, None)"
575,"(346336, 1, 4, -1, None, None)"
576,"(346390, 1, 7, -1, None, None)"
577,"(347898, 1, 0, -1, None, None)"
578,"(348089, 1, -1, 3, None, None)"
579,"(348140, 1, 2, -1, None, None)"
580,"(348193, 1, 5, -1, None, None)"
581,"(350864, 1, -1, 7, None, None)"
582,"(351342, 1, 6, -1, None, None)"
583,"(351365, 1, 2, -1, None, None)"
584,"(351775, 1, -1, 4, None, None)"
585,"(352850, 1, -1, 2, None, None)"
586,"(353699, 1, 0, -1, None, None)"
587,"(354787, 1, -1, 9, None, None)"
588,"(354933, 1, -1, 9, None, None)"
589,"(355595, 1, -1, 0, None, None)"
590,"(355697, 1, -1, 1, None, None)"
591,"(356144, 1, 8, -1, None, None)"
592,"(356798, 1, 5, -1, None, None)"
593,"(356974, 1, 4, -1, None, None)"
594,"(357827, 1, -1, 3, None, None)"
595,"(358340, 1, -1, 7, None, None)"
596,"(358950, 1, -1, 1, None, None)"
597,"(359621, 1, -1, 5, None, None)"
598,"(360209, 1, -1, 5, None, None)"
599,"(361022, 1, -1, 9, None, None)"
600,"(362010, 1, 3, -1, None, None)"
601,"(362162, 1, 0, -1, None, None)"
602,"(363199, 1, -1, 6, None, None)"
603,"(363924, 1, -1, 2, None, None)"
604,"(364787, 1, 5, -1, None, None)"
605,"(366637, 1, 5, -1, None, None)"
606,"(366651, 1, 0, -1, None, None)"
607,"(369103, 1, 7, -1, None, None)"
608,"(369171, 1, 4, -1, None, None)"
609,"(370986, 1, -1, 4, None, None)"
610,"(372972, 1, -1, 8, None, None)"
611,"(373646, 1, 0, -1, None, None)"
612,"(375363, 1, 3, -1, None, None)"
613,"(377976, 1, -1, 8, None, None)"
614,"(379030, 1, -1, 3, None, None)"
615,"(379185, 1, -1, 5, None, None)"
616,"(379287, 1, -1, 8, None, None)"
617,"(380508, 1, 4, -1, None, None)"
618,"(381503, 1, 5, -1, None, None)"
619,"(382619, 1, 0, -1, None, None)"
620,"(382641, 1, 0, -1, None, None)"
621,"(383043, 1, 7, -1, None, None)"
622,"(384683, 1, 9, -1, None, None)"
623,"(385264, 1, 8, -1, None, None)"
624,"(385665, 1, 5, -1, None, None)"
625,"(386264, 1, 3, -1, None, None)"
626,"(386433, 1, 8, -1, None, None)"
627,"(387058, 1, 6, -1, None, None)"
628,"(387262, 1, 6, -1, None, None)"
629,"(387472, 1, 9, -1, None, None)"
630,"(387538, 1, -1, 7, None, None)"
631,"(388494, 1, 6, -1, None, None)"
632,"(388650, 1, 3, -1, None, None)"
633,"(388820, 1, 4, -1, None, None)"
634,"(389228, 1, 3, -1, None, None)"
635,"(389887, 1, 3, -1, None, None)"
636,"(390050, 1, 1, -1, None, None)"
637,"(390262, 1, -1, 4, None, None)"
638,"(390929, 1, 1, -1, None, None)"
639,"(391892, 1, -1, 1, None, None)"
640,"(392104, 1, -1, 3, None, None)"
641,"(392683, 1, 3, -1, None, None)"
642,"(393262, 1, -1, 9, None, None)"
643,"(393297, 1, -1, 9, None, None)"
644,"(393733, 1, -1, 7, None, None)"
645,"(394534, 1, 4, -1, None, None)"
646,"(395677, 1, 0, -1, None, None)"
647,"(395755, 1, -1, 2, None, None)"
648,"(395996, 1, 0, -1, None, None)"
649,"(397297, 1, 7, -1, None, None)"
650,"(397434, 1, 0, -1, None, None)"
651,"(397479, 1, -1, 8, None, None)"
652,"(397755, 1, -1, 7, None, None)"
653,"(398546, 1, -1, 0, None, None)"
654,"(398924, 1, 0, -1, None, None)"
655,"(400074, 1, 0, -1, None, None)"
656,"(400096, 1, 8, -1, None, None)"
657,"(400674, 1, -1, 4, None, None)"
658,"(401456, 1, 6, -1, None, None)"
659,"(401637, 1, 9, -1, None, None)"
660,"(402330, 1, 1, -1, None, None)"
661,"(402476, 1, -1, 3, None, None)"
662,"(402833, 1, -1, 0, None, None)"
663,"(402885, 1, -1, 8, None, None)"
664,"(402892, 1, 1, -1, None, None)"
665,"(403315, 1, 9, -1, None, None)"
666,"(405772, 1, 0, -1, None, None)"
667,"(405945, 1, 3, -1, None, None)"
668,"(406597, 1, -1, 1, None, None)"
669,"(410217, 1, -1, 4, None, None)"
670,"(410729, 1, -1, 4, None, None)"
671,"(411749, 1, 4, -1, None, None)"
672,"(411769, 1, 4, -1, None, None)"
673,"(412155, 1, -1, 5, None, None)"
674,"(413260, 1, -1, 7, None, None)"
675,"(413826, 1, -1, 3, None, None)"
676,"(414336, 1, 3, -1, None, None)"
677,"(414617, 1, 6, -1, None, None)"
678,"(415355, 1, 7, -1, None, None)"
679,"(416098, 1, 8, -1, None, None)"
680,"(416862, 1, -1, 1, None, None)"
681,"(416869, 1, -1, 8, None, None)"
682,"(418192, 1, 6, -1, None, None)"
683,"(418714, 1, -1, 9, None, None)"
684,"(420226, 1, -1, 3, None, None)"
685,"(420733, 1, -1, 1, None, None)"
686,"(421365, 1, 6, -1, None, None)"
687,"(421614, 1, -1, 4, None, None)"
688,"(422734, 1, -1, 2, None, None)"
689,"(422797, 1, 1, -1, None, None)"
690,"(422804, 1, 7, -1, None, None)"
691,"(424137, 1, 1, -1, None, None)"
692,"(426071, 1, -1, 5, None, None)"
693,"(427315, 1, 0, -1, None, None)"
694,"(427684, 1, -1, 5, None, None)"
695,"(428050, 1, 7, -1, None, None)"
696,"(428159, 1, 8, -1, None, None)"
697,"(428562, 1, 4, -1, None, None)"
698,"(429467, 1, 7, -1, None, None)"
699,"(429903, 1, 2, -1, None, None)"
700,"(430353, 1, 8, -1, None, None)"
701,"(431195, 1, 0, -1, None, None)"
702,"(431879, 1, 2, -1, None, None)"
703,"(432100, 1, -1, 0, None, None)"
704,"(432800, 1, 0, -1, None, None)"
705,"(433509, 1, -1, 6, None, None)"
706,"(434274, 1, -1, 4, None, None)"
707,"(434373, 1, -1, 0, None, None)"
708,"(434891, 1, -1, 9, None, None)"
709,"(435058, 1, -1, 2, None, None)"
710,"(435727, 1, 7, -1, None, None)"
711,"(436349, 1, -1, 3, None, None)"
712,"(436607, 1, -1, 3, None, None)"
713,"(437677, 1, -1, 5, None, None)"
714,"(437776, 1, -1, 2, None, None)"
715,"(438103, 1, 5, -1, None, None)"
716,"(439021, 1, -1, 4, None, None)"
717,"(439162, 1, 1, -1, None, None)"
718,"(439201, 1, -1, 5, None, None)"
719,"(441529, 1, 8, -1, None, None)"
720,"(441930, 1, -1, 5, None, None)"
721,"(442068, 1, 1, -1, None, None)"
722,"(442585, 1, -1, 8, None, None)"
723,"(443022, 1, 7, -1, None, None)"
724,"(443364, 1, -1, 3, None, None)"
725,"(443632, 1, 1, -1, None, None)"
726,"(443804, 1, 0, -1, None, None)"
727,"(444324, 1, -1, 1, None, None)"
728,"(444591, 1, 6, -1, None, None)"
729,"(444997, 1, 8, -1, None, None)"
730,"(445179, 1, 3, -1, None, None)"
731,"(445738, 1, 4, -1, None, None)"
732,"(446739, 1, 9, -1, None, None)"
733,"(446985, 1, -1, 8, None, None)"
734,"(447160, 1, -1, 3, None, None)"
735,"(447312, 1, 5, -1, None, None)"
736,"(448246, 1, 8, -1, None, None)"
737,"(448525, 1, -1, 6, None, None)"
738,"(448562, 1, 4, -1, None, None)"
739,"(448844, 1, 7, -1, None, None)"
740,"(449558, 1, 2, -1, None, None)"
741,"(450042, 1, -1, 0, None, None)"
742,"(450338, 1, -1, 0, None, None)"
743,"(450979, 1, 3, -1, None, None)"
744,"(451602, 1, 4, -1, None, None)"
745,"(451632, 1, -1, 7, None, None)"
746,"(452996, 1, -1, 7, None, None)"
747,"(453639, 1, 2, -1, None, None)"
748,"(453711, 1, -1, 8, None, None)"
749,"(454028, 1, 8, -1, None, None)"
750,"(454123, 1, -1, 2, None, None)"
751,"(454253, 1, 2, -1, None, None)"
752,"(454268, 1, -1, 8, None, None)"
753,"(456917, 1, 8, -1, None, None)"
754,"(457570, 1, -1, 8, None, None)"
755,"(457771, 1, 8, -1, None, None)"
756,"(458942, 1, 4, -1, None, None)"
757,"(459202, 1, 8, -1, None, None)"
758,"(459361, 1, -1, 3, None, None)"
759,"(461384, 1, 1, -1, None, None)"
760,"(461428, 1, 0, -1, None, None)"
761,"(461686, 1, 1, -1, None, None)"
762,"(461706, 1, -1, 8, None, None)"
763,"(461781, 1, 8, -1, None, None)"
764,"(462087, 1, -1, 8, None, None)"
765,"(463035, 1, 4, -1, None, None)"
766,"(463074, 1, 3, -1, None, None)"
767,"(463452, 1, 8, -1, None, None)"
768,"(463643, 1, 5, -1, None, None)"
769,"(464510, 1, 6, -1, None, None)"
770,"(464704, 1, -1, 7, None, None)"
771,"(465292, 1, 1, -1, None, None)"
772,"(466289, 1, 7, -1, None, None)"
773,"(466290, 1, 2, -1, None, None)"
774,"(467581, 1, 5, -1, None, None)"
775,"(467716, 1, 2, -1, None, None)"
776,"(467849, 1, 5, -1, None, None)"
777,"(468855, 1, 9, -1, None, None)"
778,"(469100, 1, 4, -1, None, None)"
779,"(469496, 1, -1, 6, None, None)"
780,"(470004, 1, 0, -1, None, None)"
781,"(471346, 1, -1, 9, None, None)"
782,"(471995, 1, -1, 2, None, None)"
783,"(472304, 1, 2, -1, None, None)"
784,"(473154, 1, 8, -1, None, None)"
785,"(473335, 1, -1, 6, None, None)"
786,"(473390, 1, 8, -1, None, None)"
787,"(473598, 1, -1, 9, None, None)"
788,"(473815, 1, 0, -1, None, None)"
789,"(475010, 1, -1, 2, None, None)"
790,"(475356, 1, -1, 5, None, None)"
791,"(476349, 1, -1, 8, None, None)"
792,"(476537, 1, -1, 8, None, None)"
793,"(476983, 1, -1, 1, None, None)"
794,"(477753, 1, 0, -1, None, None)"
795,"(477854, 1, -1, 0, None, None)"
796,"(478339, 1, -1, 2, None, None)"
797,"(480200, 1, -1, 7, None, None)"
798,"(480462, 1, 1, -1, None, None)"
799,"(480831, 1, -1, 8, None, None)"
800,"(481321, 1, -1, 6, None, None)"
801,"(482345, 1, -1, 6, None, None)"
802,"(482805, 1, 1, -1, None, None)"
803,"(482944, 1, -1, 6, None, None)"
804,"(483687, 1, -1, 6, None, None)"
805,"(483878, 1, -1, 8, None, None)"
806,"(484081, 1, 6, -1, None, None)"
807,"(484398, 1, 4, -1, None, None)"
808,"(485575, 1, 3, -1, None, None)"
809,"(486263, 1, -1, 2, None, None)"
810,"(486753, 1, 9, -1, None, None)"
811,"(486900, 1, 4, -1, None, None)"
812,"(486979, 1, 8, -1, None, None)"
813,"(487397, 1, -1, 1, None, None)"
814,"(487425, 1, -1, 1, None, None)"
815,"(488982, 1, -1, 4, None, None)"
816,"(488989, 1, -1, 6, None, None)"
817,"(489163, 1, 4, -1, None, None)"
818,"(489410, 1, 3, -1, None, None)"
819,"(489630, 1, -1, 5, None, None)"
820,"(489858, 1, -1, 9, None, None)"
821,"(491292, 1, -1, 6, None, None)"
822,"(491918, 1, 1, -1, None, None)"
823,"(492351, 1, 2, -1, None, None)"
824,"(492708, 1, -1, 6, None, None)"
825,"(493934, 1, -1, 5, None, None)"
826,"(494449, 1, -1, 4, None, None)"
827,"(494989, 1, 7, -1, None, None)"
828,"(495248, 1, -1, 2, None, None)"
829,"(495447, 1, -1, 4, None, None)"
830,"(495626, 1, -1, 0, None, None)"
831,"(495766, 1, 2, -1, None, None)"
832,"(495969, 1, -1, 3, None, None)"
833,"(497041, 1, -1, 8, None, None)"
834,"(498702, 1, -1, 6, None, None)"
835,"(499102, 1, -1, 7, None, None)"
836,"(499622, 1, -1, 9, None, None)"
837,"(499749, 1, -1, 8, None, None)"
838,"(499804, 1, 5, -1, None, None)"
839,"(500332, 1, 2, -1, None, None)"
840,"(501508, 1, 8, -1, None, None)"
841,"(501743, 1, -1, 2, None, None)"
842,"(501781, 1, -1, 9, None, None)"
843,"(502376, 1, -1, 7, None, None)"
844,"(502536, 1, -1, 9, None, None)"
845,"(503356, 1, 2, -1, None, None)"
846,"(503453, 1, -1, 5, None, None)"
847,"(503524, 1, 3, -1, None, None)"
848,"(504925, 1, 1, -1, None, None)"
849,"(505414, 1, 8, -1, None, None)"
850,"(505417, 1, 8, -1, None, None)"
851,"(505575, 1, -1, 3, None, None)"
852,"(505593, 1, 8, -1, None, None)"
853,"(505785, 1, 8, -1, None, None)"
854,"(506753, 1, -1, 5, None, None)"
855,"(507743, 1, 5, -1, None, None)"
856,"(508664, 1, -1, 7, None, None)"
857,"(509277, 1, -1, 0, None, None)"
858,"(509374, 1, -1, 7, None, None)"
859,"(509483, 1, 1, -1, None, None)"
860,"(509662, 1, 3, -1, None, None)"
861,"(511361, 1, 9, -1, None, None)"
862,"(511928, 1, -1, 1, None, None)"
863,"(512652, 1, -1, 8, None, None)"
864,"(512848, 1, 3, -1, None, None)"
865,"(513260, 1, -1, 2, None, None)"
866,"(513659, 1, -1, 1, None, None)"
867,"(514820, 1, 3, -1, None, None)"
868,"(515568, 1, 9, -1, None, None)"
869,"(515674, 1, -1, 9, None, None)"
870,"(516382, 1, 7, -1, None, None)"
871,"(517232, 1, -1, 4, None, None)"
872,"(517310, 1, 0, -1, None, None)"
873,"(517344, 1, 6, -1, None, None)"
874,"(518601, 1, -1, 5, None, None)"
875,"(518670, 1, 9, -1, None, None)"
876,"(520032, 1, -1, 6, None, None)"
877,"(520442, 1, 2, -1, None, None)"
878,"(522243, 1, 3, -1, None, None)"
879,"(524257, 1, 7, -1, None, None)"
880,"(524575, 1, 4, -1, None, None)"
881,"(526714, 1, -1, 1, None, None)"
882,"(528145, 1, 0, -1, None, None)"
883,"(529820, 1, 3, -1, None, None)"
884,"(529906, 1, -1, 3, None, None)"
885,"(529929, 1, -1, 4, None, None)"
886,"(530119, 1, 8, -1, None, None)"
887,"(530402, 1, -1, 5, None, None)"
888,"(531143, 1, 5, -1, None, None)"
889,"(531526, 1, 5, -1, None, None)"
890,"(531979, 1, 8, -1, None, None)"
891,"(532575, 1, 5, -1, None, None)"
892,"(532853, 1, -1, 0, None, None)"
893,"(532905, 1, 2, -1, None, None)"
894,"(534148, 1, -1, 7, None, None)"
895,"(534640, 1, -1, 2, None, None)"
896,"(535290, 1, 5, -1, None, None)"
897,"(535685, 1, -1, 4, None, None)"
898,"(536049, 1, -1, 8, None, None)"
899,"(536279, 1, 3, -1, None, None)"
900,"(537328, 1, 2, -1, None, None)"
901,"(537863, 1, 6, -1, None, None)"
902,"(538071, 1, -1, 9, None, None)"
903,"(540393, 1, 8, -1, None, None)"
904,"(540496, 1, 8, -1, None, None)"
905,"(541404, 1, 6, -1, None, None)"
906,"(541458, 1, 9, -1, None, None)"
907,"(542437, 1, -1, 4, None, None)"
908,"(542683, 1, 5, -1, None, None)"
909,"(543310, 1, 8, -1, None, None)"
910,"(543585, 1, -1, 5, None, None)"
911,"(543732, 1, -1, 9, None, None)"
912,"(546012, 1, -1, 7, None, None)"
913,"(546104, 1, 9, -1, None, None)"
914,"(546145, 1, -1, 1, None, None)"
915,"(547065, 1, -1, 5, None, None)"
916,"(547247, 1, 7, -1, None, None)"
917,"(547834, 1, -1, 8, None, None)"
918,"(549451, 1, -1, 0, None, None)"
919,"(549816, 1, -1, 3, None, None)"
920,"(551093, 1, 9, -1, None, None)"
921,"(551369, 1, -1, 2, None, None)"
922,"(551431, 1, 2, -1, None, None)"
923,"(552033, 1, -1, 1, None, None)"
924,"(553065, 1, 6, -1, None, None)"
925,"(553101, 1, 6, -1, None, None)"
926,"(555334, 1, 4, -1, None, None)"
927,"(557936, 1, 8, -1, None, None)"
928,"(559305, 1, 4, -1, None, None)"
929,"(560084, 1, 8, -1, None, None)"
930,"(561423, 1, 2, -1, None, None)"
931,"(561755, 1, 0, -1, None, None)"
932,"(561878, 1, 3, -1, None, None)"
933,"(562275, 1, -1, 3, None, None)"
934,"(562859, 1, -1, 2, None, None)"
935,"(564328, 1, 5, -1, None, None)"
936,"(564370, 1, 3, -1, None, None)"
937,"(564837, 1, 5, -1, None, None)"
938,"(565538, 1, -1, 1, None, None)"
939,"(565966, 1, 5, -1, None, None)"
940,"(567296, 1, -1, 3, None, None)"
941,"(567310, 1, 7, -1, None, None)"
942,"(567780, 1, 1, -1, None, None)"
943,"(571389, 1, 1, -1, None, None)"
944,"(571469, 1, 0, -1, None, None)"
945,"(572258, 1, -1, 8, None, None)"
946,"(572296, 1, -1, 8, None, None)"
947,"(572983, 1, -1, 3, None, None)"
948,"(573108, 1, 0, -1, None, None)"
949,"(573503, 1, 5, -1, None, None)"
950,"(573964, 1, -1, 9, None, None)"
951,"(574117, 1, 0, -1, None, None)"
952,"(575223, 1, 8, -1, None, None)"
953,"(575762, 1, 3, -1, None, None)"
954,"(575879, 1, -1, 9, None, None)"
955,"(576138, 1, 5, -1, None, None)"
956,"(577417, 1, 6, -1, None, None)"
957,"(577472, 1, 9, -1, None, None)"
958,"(577949, 1, 6, -1, None, None)"
959,"(577966, 1, 6, -1, None, None)"
960,"(578343, 1, 3, -1, None, None)"
961,"(579572, 1, -1, 4, None, None)"
962,"(579820, 1, 8, -1, None, None)"
963,"(579985, 1, -1, 8, None, None)"
964,"(580463, 1, 5, -1, None, None)"
965,"(581211, 1, -1, 9, None, None)"
966,"(581220, 1, 5, -1, None, None)"
967,"(581314, 1, 8, -1, None, None)"
968,"(581399, 1, -1, 5, None, None)"
969,"(582711, 1, 7, -1, None, None)"
970,"(582836, 1, -1, 2, None, None)"
971,"(583160, 1, 0, -1, None, None)"
972,"(583949, 1, 7, -1, None, None)"
973,"(584538, 1, 9, -1, None, None)"
974,"(585118, 1, 6, -1, None, None)"
975,"(585157, 1, -1, 6, None, None)"
976,"(586632, 1, 7, -1, None, None)"
977,"(586786, 1, 7, -1, None, None)"
978,"(586861, 1, -1, 2, None, None)"
979,"(588572, 1, -1, 8, None, None)"
980,"(590047, 1, -1, 3, None, None)"
981,"(590808, 1, 7, -1, None, None)"
982,"(591731, 1, 7, -1, None, None)"
983,"(591903, 1, -1, 6, None, None)"
984,"(593247, 1, 0, -1, None, None)"
985,"(595467, 1, -1, 2, None, None)"
986,"(597280, 1, -1, 2, None, None)"
987,"(597345, 1, -1, 0, None, None)"
988,"(597446, 1, 5, -1, None, None)"
989,"(599109, 1, 6, -1, None, None)"
990,"(599486, 1, -1, 0, None, None)"
991,"(599608, 1, 6, -1, None, None)"
992,"(599831, 1, -1, 5, None, None)"
993,"(600547, 1, 8, -1, None, None)"
994,"(600759, 1, -1, 2, None, None)"
995,"(601985, 1, -1, 0, None, None)"
996,"(602359, 1, 0, -1, None, None)"
997,"(602369, 1, 0, -1, None, None)"
998,"(603007, 1, -1, 5, None, None)"
999,"(603509, 1, 5, -1, None, None)"
1000,"(604277, 1, 6, -1, None, None)"
1001,"(605890, 1, 8, -1, None, None)"
1002,"(607671, 1, 8, -1, None, None)"
1003,"(608971, 1, -1, 1, None, None)"
1004,"(609268, 1, -1, 0, None, None)"
1005,"(609793, 1, -1, 5, None, None)"
1006,"(610461, 1, 0, -1, None, None)"
1007,"(610687, 1, -1, 3, None, None)"
1008,"(610855, 1, 1, -1, None, None)"
1009,"(611056, 1, -1, 0, None, None)"
1010,"(611507, 1, -1, 4, None, None)"
1011,"(611847, 1, -1, 9, None, None)"
1012,"(612305, 1, -1, 1, None, None)"
1013,"(612891, 1, -1, 0, None, None)"
1014,"(613185, 1, -1, 8, None, None)"
1015,"(615029, 1, -1, 9, None, None)"
1016,"(615052, 1, 7, -1, None, None)"
1017,"(615113, 1, 8, -1, None, None)"
1018,"(615486, 1, -1, 9, None, None)"
1019,"(615999, 1, 1, -1, None, None)"
1020,"(617164, 1, -1, 6, None, None)"
1021,"(617505, 1, 8, -1, None, None)"
1022,"(618078, 1, 1, -1, None, None)"
1023,"(618415, 1, -1, 3, None, None)"
1024,"(618567, 1, 7, -1, None, None)"
1025,"(618722, 1, 7, -1, None, None)"
1026,"(619454, 1, 7, -1, None, None)"
1027,"(619592, 1, 0, -1, None, None)"
1028,"(621064, 1, 9, -1, None, None)"
1029,"(621578, 1, -1, 3, None, None)"
1030,"(623206, 1, 5, -1, None, None)"
1031,"(623333, 1, -1, 1, None, None)"
1032,"(623635, 1, 7, -1, None, None)"
1033,"(623671, 1, 1, -1, None, None)"
1034,"(623926, 1, -1, 1, None, None)"
1035,"(624686, 1, -1, 2, None, None)"
1036,"(625953, 1, -1, 5, None, None)"
1037,"(626582, 1, -1, 6, None, None)"
1038,"(628754, 1, -1, 1, None, None)"
1039,"(629078, 1, -1, 9, None, None)"
1040,"(629979, 1, 6, -1, None, None)"
1041,"(630770, 1, 7, -1, None, None)"
1042,"(630805, 1, 8, -1, None, None)"
1043,"(630835, 1, 7, -1, None, None)"
1044,"(630944, 1, -1, 6, None, None)"
1045,"(632047, 1, -1, 2, None, None)"
1046,"(634314, 1, 9, -1, None, None)"
1047,"(634796, 1, 3, -1, None, None)"
1048,"(635048, 1, 0, -1, None, None)"
1049,"(636482, 1, -1, 2, None, None)"
1050,"(636680, 1, -1, 2, None, None)"
1051,"(637223, 1, -1, 8, None, None)"
1052,"(637379, 1, 8, -1, None, None)"
1053,"(638061, 1, -1, 7, None, None)"
1054,"(638751, 1, 0, -1, None, None)"
1055,"(638978, 1, -1, 5, None, None)"
1056,"(638983, 1, 8, -1, None, None)"
1057,"(639039, 1, 3, -1, None, None)"
1058,"(640155, 1, 9, -1, None, None)"
1059,"(640355, 1, -1, 2, None, None)"
1060,"(640467, 1, -1, 3, None, None)"
1061,"(640737, 1, 7, -1, None, None)"
1062,"(641333, 1, 9, -1, None, None)"
1063,"(641630, 1, 1, -1, None, None)"
1064,"(641732, 1, 5, -1, None, None)"
1065,"(643913, 1, 7, -1, None, None)"
1066,"(644314, 1, 4, -1, None, None)"
1067,"(644330, 1, -1, 4, None, None)"
1068,"(644627, 1, -1, 7, None, None)"
1069,"(648297, 1, 8, -1, None, None)"
1070,"(648800, 1, -1, 5, None, None)"
1071,"(649791, 1, -1, 8, None, None)"
1072,"(650502, 1, -1, 6, None, None)"
1073,"(651466, 1, -1, 2, None, None)"
1074,"(652009, 1, 6, -1, None, None)"
1075,"(652103, 1, -1, 6, None, None)"
1076,"(654562, 1, -1, 2, None, None)"
1077,"(655714, 1, 8, -1, None, None)"
1078,"(655824, 1, -1, 1, None, None)"
1079,"(656249, 1, 3, -1, None, None)"
1080,"(656744, 1, -1, 7, None, None)"
1081,"(656832, 1, -1, 9, None, None)"
1082,"(657660, 1, 1, -1, None, None)"
1083,"(659052, 1, -1, 3, None, None)"
1084,"(659091, 1, 5, -1, None, None)"
1085,"(660666, 1, 6, -1, None, None)"
1086,"(660751, 1, 2, -1, None, None)"
1087,"(660983, 1, 5, -1, None, None)"
1088,"(661549, 1, -1, 7, None, None)"
1089,"(661582, 1, 9, -1, None, None)"
1090,"(662216, 1, 6, -1, None, None)"
1091,"(663086, 1, 1, -1, None, None)"
1092,"(663465, 1, 0, -1, None, None)"
1093,"(663942, 1, 4, -1, None, None)"
1094,"(663974, 1, 7, -1, None, None)"
1095,"(664959, 1, -1, 2, None, None)"
1096,"(665358, 1, 3, -1, None, None)"
1097,"(666715, 1, -1, 4, None, None)"
1098,"(667125, 1, 0, -1, None, None)"
1099,"(667513, 1, 5, -1, None, None)"
1100,"(669803, 1, -1, 5, None, None)"
1101,"(669943, 1, -1, 5, None, None)"
1102,"(670154, 1, -1, 1, None, None)"
1103,"(670656, 1, -1, 2, None, None)"
1104,"(671728, 1, 1, -1, None, None)"
1105,"(672304, 1, -1, 1, None, None)"
1106,"(672648, 1, -1, 5, None, None)"
1107,"(672720, 1, 9, -1, None, None)"
1108,"(672826, 1, -1, 4, None, None)"
1109,"(672928, 1, 8, -1, None, None)"
1110,"(673210, 1, -1, 9, None, None)"
1111,"(673314, 1, 7, -1, None, None)"
1112,"(673365, 1, 7, -1, None, None)"
1113,"(674647, 1, 9, 6, None, None)"
1114,"(674899, 1, 6, -1, None, None)"
1115,"(675777, 1, 1, -1, None, None)"
1116,"(678082, 1, 4, -1, None, None)"
1117,"(678923, 1, 7, -1, None, None)"
1118,"(679600, 1, 9, -1, None, None)"
1119,"(679896, 1, -1, 8, None, None)"
1120,"(682022, 1, 1, -1, None, None)"
1121,"(682294, 1, -1, 2, None, None)"
1122,"(683768, 1, -1, 9, None, None)"
1123,"(683965, 1, -1, 5, None, None)"
1124,"(684635, 1, 8, -1, None, None)"
1125,"(685207, 1, -1, 2, None, None)"
1126,"(685584, 1, -1, 3, None, None)"
1127,"(685589, 1, -1, 8, None, None)"
1128,"(686383, 1, -1, 4, None, None)"
1129,"(686928, 1, 5, -1, None, None)"
1130,"(687202, 1, 2, -1, None, None)"
1131,"(688984, 1, 4, -1, None, None)"
1132,"(689070, 1, 3, -1, None, None)"
1133,"(689517, 1, -1, 1, None, None)"
1134,"(690554, 1, -1, 8, None, None)"
1135,"(690772, 1, -1, 3, None, None)"
1136,"(691542, 1, 6, -1, None, None)"
1137,"(691841, 1, -1, 6, None, None)"
1138,"(692517, 1, -1, 4, None, None)"
1139,"(694013, 1, 5, -1, None, None)"
1140,"(694263, 1, -1, 3, None, None)"
1141,"(695324, 1, -1, 8, None, None)"
1142,"(695620, 1, -1, 7, None, None)"
1143,"(696257, 1, 3, -1, None, None)"
1144,"(696316, 1, 9, -1, None, None)"
1145,"(699321, 1, -1, 8, None, None)"
1146,"(699679, 1, -1, 1, None, None)"
1147,"(701148, 1, -1, 4, None, None)"
1148,"(701917, 1, 9, -1, None, None)"
1149,"(702384, 1, -1, 3, None, None)"
1150,"(702827, 1, 3, -1, None, None)"
1151,"(702940, 1, 2, -1, None, None)"
1152,"(703229, 1, 7, -1, None, None)"
1153,"(703499, 1, -1, 2, None, None)"
1154,"(704351, 1, 8, -1, None, None)"
1155,"(704817, 1, 0, -1, None, None)"
1156,"(707015, 1, -1, 2, None, None)"
1157,"(708728, 1, 2, -1, None, None)"
1158,"(709041, 1, -1, 7, None, None)"
1159,"(709240, 1, 8, -1, None, None)"
1160,"(710128, 1, 3, -1, None, None)"
1161,"(710213, 1, 5, -1, None, None)"
1162,"(711566, 1, 1, -1, None, None)"
1163,"(711659, 1, -1, 3, None, None)"
1164,"(712951, 1, 6, -1, None, None)"
1165,"(714117, 1, 8, -1, None, None)"
1166,"(714210, 1, 4, -1, None, None)"
1167,"(714976, 1, -1, 5, None, None)"
1168,"(715318, 1, 0, -1, None, None)"
1169,"(715394, 1, 1, -1, None, None)"
1170,"(715720, 1, 4, -1, None, None)"
1171,"(715988, 1, 4, -1, None, None)"
1172,"(716501, 1, -1, 7, None, None)"
1173,"(717061, 1, 7, -1, None, None)"
1174,"(719545, 1, 5, -1, None, None)"
1175,"(719642, 1, 0, -1, None, None)"
1176,"(719859, 1, 7, -1, None, None)"
1177,"(719921, 1, 7, -1, None, None)"
1178,"(720782, 1, -1, 7, None, None)"
1179,"(720845, 1, -1, 7, None, None)"
1180,"(722723, 1, -1, 6, None, None)"
1181,"(723824, 1, 7, -1, None, None)"
1182,"(725033, 1, -1, 4, None, None)"
1183,"(725095, 1, -1, 9, None, None)"
1184,"(727322, 1, -1, 8, None, None)"
1185,"(728048, 1, -1, 4, None, None)"
1186,"(729291, 1, -1, 3, None, None)"
1187,"(730306, 1, -1, 0, None, None)"
1188,"(731398, 1, -1, 7, None, None)"
1189,"(731820, 1, 8, -1, None, None)"
1190,"(732337, 1, -1, 0, None, None)"
1191,"(732406, 1, -1, 0, None, None)"
1192,"(732641, 1, -1, 5, None, None)"
1193,"(732698, 1, 4, -1, None, None)"
1194,"(732908, 1, 2, -1, None, None)"
1195,"(733516, 1, -1, 9, None, None)"
1196,"(736941, 1, 0, -1, None, None)"
1197,"(737597, 1, 8, -1, None, None)"
1198,"(737973, 1, -1, 7, None, None)"
1199,"(738173, 1, -1, 6, None, None)"
1200,"(738525, 1, 6, -1, None, None)"
1201,"(739139, 1, -1, 9, None, None)"
1202,"(739344, 1, 8, -1, None, None)"
1203,"(739885, 1, 7, -1, None, None)"
1204,"(740628, 1, -1, 9, None, None)"
1205,"(740842, 1, 4, -1, None, None)"
1206,"(741364, 1, -1, 9, None, None)"
1207,"(741811, 1, 7, -1, None, None)"
1208,"(742971, 1, 6, -1, None, None)"
1209,"(743247, 1, 3, -1, None, None)"
1210,"(743842, 1, 3, -1, None, None)"
1211,"(744054, 1, -1, 2, None, None)"
1212,"(744535, 1, 6, -1, None, None)"
1213,"(745497, 1, 2, -1, None, None)"
1214,"(746663, 1, 7, -1, None, None)"
1215,"(747265, 1, 9, -1, None, None)"
1216,"(747511, 1, 3, -1, None, None)"
1217,"(747768, 1, -1, 2, None, None)"
1218,"(747986, 1, -1, 9, None, None)"
1219,"(749104, 1, -1, 4, None, None)"
1220,"(749912, 1, 7, -1, None, None)"
1221,"(750747, 1, 6, -1, None, None)"
1222,"(752114, 1, -1, 4, None, None)"
1223,"(752193, 1, 7, -1, None, None)"
1224,"(753188, 1, 8, -1, None, None)"
1225,"(753504, 1, -1, 9, None, None)"
1226,"(754277, 1, 0, -1, None, None)"
1227,"(754341, 1, 1, -1, None, None)"
1228,"(754757, 1, 0, -1, None, None)"
1229,"(755671, 1, -1, 0, None, None)"
1230,"(756061, 1, -1, 0, None, None)"
1231,"(756118, 1, -1, 6, None, None)"
1232,"(756796, 1, 7, -1, None, None)"
1233,"(757555, 1, -1, 5, None, None)"
1234,"(759314, 1, -1, 2, None, None)"
1235,"(760243, 1, 4, -1, None, None)"
1236,"(760810, 1, 4, -1, None, None)"
1237,"(761025, 1, 5, -1, None, None)"
1238,"(761026, 1, 3, -1, None, None)"
1239,"(761211, 1, -1, 9, None, None)"
1240,"(764954, 1, -1, 6, None, None)"
1241,"(765239, 1, -1, 6, None, None)"
1242,"(765661, 1, 9, -1, None, None)"
1243,"(766490, 1, -1, 8, None, None)"
1244,"(767101, 1, 0, -1, None, None)"
1245,"(767626, 1, 0, -1, None, None)"
1246,"(767945, 1, 6, -1, None, None)"
1247,"(768037, 1, 1, -1, None, None)"
1248,"(768067, 1, -1, 9, None, None)"
1249,"(768123, 1, -1, 5, None, None)"
1250,"(769375, 1, 0, -1, None, None)"
1251,"(769822, 1, -1, 3, None, None)"
1252,"(770281, 1, -1, 8, None, None)"
1253,"(770462, 1, -1, 1, None, None)"
1254,"(770521, 1, -1, 4, None, None)"
1255,"(771157, 1, 9, -1, None, None)"
1256,"(772476, 1, -1, 8, None, None)"
1257,"(772509, 1, -1, 4, None, None)"
1258,"(772685, 1, 6, -1, None, None)"
1259,"(772829, 1, -1, 7, None, None)"
1260,"(772863, 1, -1, 4, None, None)"
1261,"(773844, 1, 0, -1, None, None)"
1262,"(777362, 1, 8, -1, None, None)"
1263,"(778103, 1, 7, -1, None, None)"
1264,"(778190, 1, 2, -1, None, None)"
1265,"(780275, 1, 0, -1, None, None)"
1266,"(780342, 1, 2, -1, None, None)"
1267,"(780378, 1, -1, 0, None, None)"
1268,"(781490, 1, 1, -1, None, None)"
1269,"(781618, 1, 3, -1, None, None)"
1270,"(782565, 1, -1, 2, None, None)"
1271,"(782917, 1, 3, -1, None, None)"
1272,"(783013, 1, -1, 6, None, None)"
1273,"(783209, 1, 6, -1, None, None)"
1274,"(784578, 1, -1, 9, None, None)"
1275,"(784601, 1, 0, -1, None, None)"
1276,"(784640, 1, -1, 8, None, None)"
1277,"(784678, 1, 6, -1, None, None)"
1278,"(785362, 1, 7, -1, None, None)"
1279,"(785427, 1, -1, 2, None, None)"
1280,"(785614, 1, 1, -1, None, None)"
1281,"(788142, 1, 6, -1, None, None)"
1282,"(788479, 1, 9, -1, None, None)"
1283,"(789545, 1, -1, 5, None, None)"
1284,"(789663, 1, -1, 1, None, None)"
1285,"(789740, 1, 9, -1, None, None)"
1286,"(790064, 1, -1, 9, None, None)"
1287,"(790114, 1, 1, -1, None, None)"
1288,"(791207, 1, -1, 9, None, None)"
1289,"(791404, 1, -1, 3, None, None)"
1290,"(792547, 1, -1, 6, None, None)"
1291,"(792697, 1, 7, -1, None, None)"
1292,"(793304, 1, -1, 3, None, None)"
1293,"(793326, 1, -1, 1, None, None)"
1294,"(793838, 1, 5, -1, None, None)"
1295,"(794830, 1, 4, -1, None, None)"
1296,"(795568, 1, 7, -1, None, None)"
1297,"(796276, 1, 2, -1, None, None)"
1298,"(796685, 1, 0, -1, None, None)"
1299,"(797281, 1, 9, -1, None, None)"
1300,"(797686, 1, -1, 7, None, None)"
1301,"(797930, 1, 3, -1, None, None)"
1302,"(798813, 1, -1, 2, None, None)"
1303,"(798828, 1, -1, 3, None, None)"
1304,"(798860, 1, -1, 2, None, None)"
1305,"(799141, 1, 8, -1, None, None)"
1306,"(799556, 1, 4, -1, None, None)"
1307,"(799872, 1, -1, 0, None, None)"
1308,"(802455, 1, 1, -1, None, None)"
1309,"(803469, 1, 3, -1, None, None)"
1310,"(803706, 1, 2, -1, None, None)"
1311,"(804126, 1, -1, 2, None, None)"
1312,"(804601, 1, -1, 2, None, None)"
1313,"(805139, 1, -1, 2, None, None)"
1314,"(805725, 1, 0, -1, None, None)"
1315,"(807171, 1, -1, 5, None, None)"
1316,"(808359, 1, -1, 0, None, None)"
1317,"(808397, 1, -1, 3, None, None)"
1318,"(809453, 1, 3, -1, None, None)"
1319,"(809814, 1, -1, 1, None, None)"
1320,"(809870, 1, 5, -1, None, None)"
1321,"(810036, 1, 8, -1, None, None)"
1322,"(810689, 1, -1, 9, None, None)"
1323,"(810749, 1, -1, 2, None, None)"
1324,"(811369, 1, 3, -1, None, None)"
1325,"(811625, 1, 5, -1, None, None)"
1326,"(812635, 1, 4, -1, None, None)"
1327,"(813373, 1, -1, 6, None, None)"
1328,"(813499, 1, 7, -1, None, None)"
1329,"(814402, 1, -1, 6, None, None)"
1330,"(814915, 1, 9, -1, None, None)"
1331,"(815420, 1, 2, -1, None, None)"
1332,"(816359, 1, 9, -1, None, None)"
1333,"(817110, 1, 4, -1, None, None)"
1334,"(817925, 1, -1, 8, None, None)"
1335,"(818636, 1, 2, -1, None, None)"
1336,"(819317, 1, 0, -1, None, None)"
1337,"(819353, 1, -1, 1, None, None)"
1338,"(820766, 1, -1, 7, None, None)"
1339,"(820780, 1, 7, -1, None, None)"
1340,"(821407, 1, 0, -1, None, None)"
1341,"(821616, 1, -1, 0, None, None)"
1342,"(821804, 1, -1, 3, None, None)"
1343,"(821889, 1, 7, -1, None, None)"
1344,"(822406, 1, -1, 5, None, None)"
1345,"(824021, 1, 3, -1, None, None)"
1346,"(824757, 1, -1, 3, None, None)"
1347,"(824978, 1, -1, 1, None, None)"
1348,"(826053, 1, -1, 5, None, None)"
1349,"(826060, 1, 3, -1, None, None)"
1350,"(826693, 1, 6, -1, None, None)"
1351,"(827098, 1, -1, 7, None, None)"
1352,"(827662, 1, -1, 0, None, None)"
1353,"(827812, 1, 0, -1, None, None)"
1354,"(828022, 1, -1, 7, None, None)"
1355,"(828552, 1, 2, -1, None, None)"
1356,"(829100, 1, 1, -1, None, None)"
1357,"(830455, 1, -1, 6, None, None)"
1358,"(830591, 1, 1, -1, None, None)"
1359,"(831698, 1, -1, 5, None, None)"
1360,"(831902, 1, -1, 3, None, None)"
1361,"(832278, 1, 5, -1, None, None)"
1362,"(832557, 1, -1, 0, None, None)"
1363,"(833881, 1, -1, 1, None, None)"
1364,"(834138, 1, -1, 7, None, None)"
1365,"(834258, 1, 9, -1, None, None)"
1366,"(834481, 1, 1, -1, None, None)"
1367,"(834538, 1, -1, 0, None, None)"
1368,"(834594, 1, 5, -1, None, None)"
1369,"(834969, 1, -1, 3, None, None)"
1370,"(835820, 1, -1, 8, None, None)"
1371,"(835919, 1, -1, 6, None, None)"
1372,"(836184, 1, 3, -1, None, None)"
1373,"(837354, 1, 8, -1, None, None)"
1374,"(837829, 1, -1, 4, None, None)"
1375,"(837882, 1, 7, -1, None, None)"
1376,"(837924, 1, -1, 4, None, None)"
1377,"(837987, 1, -1, 4, None, None)"
1378,"(839160, 1, -1, 2, None, None)"
1379,"(839299, 1, 5, -1, None, None)"
1380,"(840411, 1, 4, -1, None, None)"
1381,"(840597, 1, 0, -1, None, None)"
1382,"(841664, 1, 3, -1, None, None)"
1383,"(841694, 1, 9, -1, None, None)"
1384,"(842604, 1, -1, 9, None, None)"
1385,"(842656, 1, 1, -1, None, None)"
1386,"(842681, 1, 3, -1, None, None)"
1387,"(842883, 1, -1, 0, None, None)"
1388,"(843739, 1, -1, 0, None, None)"
1389,"(844716, 1, 9, -1, None, None)"
1390,"(845307, 1, -1, 9, None, None)"
1391,"(845958, 1, 2, -1, None, None)"
1392,"(846599, 1, -1, 8, None, None)"
1393,"(847559, 1, 3, -1, None, None)"
1394,"(847796, 1, 9, -1, None, None)"
1395,"(847942, 1, -1, 7, None, None)"
1396,"(848129, 1, 3, -1, None, None)"
1397,"(848168, 1, 2, -1, None, None)"
1398,"(848819, 1, -1, 2, None, None)"
1399,"(849935, 1, -1, 5, None, None)"
1400,"(850000, 1, 5, -1, None, None)"
1401,"(850037, 1, 8, -1, None, None)"
1402,"(850246, 1, -1, 6, None, None)"
1403,"(850874, 1, 8, -1, None, None)"
1404,"(851486, 1, 4, -1, None, None)"
1405,"(851821, 1, 0, -1, None, None)"
1406,"(852098, 1, -1, 1, None, None)"
1407,"(853488, 1, -1, 8, None, None)"
1408,"(855127, 1, -1, 2, None, None)"
1409,"(855528, 1, 1, -1, None, None)"
1410,"(855807, 1, -1, 8, None, None)"
1411,"(856010, 1, -1, 7, None, None)"
1412,"(856726, 1, -1, 9, None, None)"
1413,"(857036, 1, 4, -1, None, None)"
1414,"(857352, 1, -1, 3, None, None)"
1415,"(857827, 1, 0, -1, None, None)"
1416,"(858075, 1, -1, 8, None, None)"
1417,"(858229, 1, 4, -1, None, None)"
1418,"(858726, 1, -1, 3, None, None)"
1419,"(858727, 1, -1, 1, None, None)"
1420,"(861203, 1, -1, 3, None, None)"
1421,"(861444, 1, 7, -1, None, None)"
1422,"(862178, 1, -1, 1, None, None)"
1423,"(863008, 1, 7, -1, None, None)"
1424,"(863168, 1, 0, -1, None, None)"
1425,"(863217, 1, 1, -1, None, None)"
1426,"(863727, 1, 5, -1, None, None)"
1427,"(864212, 1, -1, 8, None, None)"
1428,"(864283, 1, -1, 6, None, None)"
1429,"(864942, 1, -1, 4, None, None)"
1430,"(865552, 1, -1, 5, None, None)"
1431,"(866574, 1, 7, -1, None, None)"
1432,"(867726, 1, -1, 9, None, None)"
1433,"(868941, 1, -1, 6, None, None)"
1434,"(869321, 1, 4, -1, None, None)"
1435,"(870300, 1, 4, -1, None, None)"
1436,"(870497, 1, 1, -1, None, None)"
1437,"(870737, 1, -1, 5, None, None)"
1438,"(873198, 1, -1, 3, None, None)"
1439,"(874467, 1, 4, -1, None, None)"
1440,"(874822, 1, -1, 2, None, None)"
1441,"(875215, 1, -1, 1, None, None)"
1442,"(875583, 1, -1, 7, None, None)"
1443,"(875844, 1, -1, 4, None, None)"
1444,"(877083, 1, -1, 4, None, None)"
1445,"(877824, 1, -1, 3, None, None)"
1446,"(878099, 1, -1, 8, None, None)"
1447,"(879019, 1, 5, -1, None, None)"
1448,"(879212, 1, 2, -1, None, None)"
1449,"(879704, 1, 3, -1, None, None)"
1450,"(880225, 1, -1, 8, None, None)"
1451,"(881398, 1, -1, 3, None, None)"
1452,"(882286, 1, -1, 7, None, None)"
1453,"(882577, 1, -1, 8, None, None)"
1454,"(882932, 1, -1, 8, None, None)"
1455,"(883772, 1, -1, 3, None, None)"
1456,"(883876, 1, -1, 0, None, None)"
1457,"(884134, 1, 0, -1, None, None)"
1458,"(884339, 1, 2, -1, None, None)"
1459,"(885617, 1, -1, 7, None, None)"
1460,"(885693, 1, -1, 3, None, None)"
1461,"(885700, 1, -1, 3, None, None)"
1462,"(885866, 1, -1, 5, None, None)"
1463,"(887363, 1, -1, 0, None, None)"
1464,"(887460, 1, -1, 7, None, None)"
1465,"(888598, 1, 5, -1, None, None)"
1466,"(888656, 1, 9, -1, None, None)"
1467,"(888711, 1, 4, -1, None, None)"
1468,"(888918, 1, 4, -1, None, None)"
1469,"(889222, 1, -1, 5, None, None)"
1470,"(891008, 1, 0, -1, None, None)"
1471,"(891302, 1, 1, -1, None, None)"
1472,"(892122, 1, 9, -1, None, None)"
1473,"(894107, 1, -1, 9, None, None)"
1474,"(895577, 1, -1, 5, None, None)"
1475,"(895583, 1, 4, -1, None, None)"
1476,"(895801, 1, -1, 1, None, None)"
1477,"(896288, 1, 3, -1, None, None)"
1478,"(896644, 1, -1, 9, None, None)"
1479,"(897373, 1, 1, -1, None, None)"
1480,"(897902, 1, 1, -1, None, None)"
1481,"(899301, 1, 4, -1, None, None)"
1482,"(900898, 1, -1, 3, None, None)"
1483,"(902650, 1, 8, -1, None, None)"
1484,"(902978, 1, 9, -1, None, None)"
1485,"(903191, 1, -1, 1, None, None)"
1486,"(903620, 1, -1, 9, None, None)"
1487,"(904682, 1, -1, 4, None, None)"
1488,"(905063, 1, 5, -1, None, None)"
1489,"(906058, 1, -1, 0, None, None)"
1490,"(906446, 1, 2, -1, None, None)"
1491,"(906519, 1, 6, -1, None, None)"
1492,"(906688, 1, 3, -1, None, None)"
1493,"(906990, 1, 6, -1, None, None)"
1494,"(907496, 1, -1, 2, None, None)"
1495,"(907671, 1, -1, 5, None, None)"
1496,"(908101, 1, -1, 1, None, None)"
1497,"(908480, 1, 9, -1, None, None)"
1498,"(910349, 1, 8, -1, None, None)"
1499,"(911900, 1, -1, 1, None, None)"
1500,"(913669, 1, -1, 0, None, None)"
1501,"(913922, 1, -1, 5, None, None)"
1502,"(914336, 1, 0, -1, None, None)"
1503,"(915138, 1, 8, -1, None, None)"
1504,"(916624, 1, 6, -1, None, None)"
1505,"(916760, 1, -1, 6, None, None)"
1506,"(916772, 1, 3, -1, None, None)"
1507,"(917433, 1, 0, -1, None, None)"
1508,"(917624, 1, -1, 4, None, None)"
1509,"(917648, 1, -1, 2, None, None)"
1510,"(919174, 1, -1, 6, None, None)"
1511,"(919745, 1, 9, -1, None, None)"
1512,"(920718, 1, 2, -1, None, None)"
1513,"(921812, 1, -1, 0, None, None)"
1514,"(921853, 1, -1, 4, None, None)"
1515,"(922053, 1, 6, -1, None, None)"
1516,"(922181, 1, 4, -1, None, None)"
1517,"(923006, 1, -1, 9, None, None)"
1518,"(925608, 1, 6, -1, None, None)"
1519,"(926356, 1, -1, 7, None, None)"
1520,"(926618, 1, 9, -1, None, None)"
1521,"(927438, 1, 8, -1, None, None)"
1522,"(927515, 1, -1, 4, None, None)"
1523,"(929081, 1, 1, -1, None, None)"
1524,"(929144, 1, -1, 0, None, None)"
1525,"(929713, 1, -1, 1, None, None)"
1526,"(930506, 1, 4, -1, None, None)"
1527,"(931134, 1, -1, 9, None, None)"
1528,"(931507, 1, 3, -1, None, None)"
1529,"(932286, 1, 9, -1, None, None)"
1530,"(932372, 1, 6, -1, None, None)"
1531,"(932718, 1, 3, -1, None, None)"
1532,"(933154, 1, -1, 8, None, None)"
1533,"(933655, 1, 4, -1, None, None)"
1534,"(934617, 1, -1, 1, None, None)"
1535,"(935575, 1, -1, 5, None, None)"
1536,"(935812, 1, 5, -1, None, None)"
1537,"(935925, 1, 1, -1, None, None)"
1538,"(937329, 1, -1, 2, None, None)"
1539,"(937998, 1, 6, -1, None, None)"
1540,"(938435, 1, 8, -1, None, None)"
1541,"(938752, 1, -1, 6, None, None)"
1542,"(939925, 1, -1, 8, None, None)"
1543,"(940521, 1, -1, 8, None, None)"
1544,"(941407, 1, -1, 4, None, None)"
1545,"(941613, 1, 9, -1, None, None)"
1546,"(941722, 1, 9, -1, None, None)"
1547,"(942057, 1, -1, 9, None, None)"
1548,"(942352, 1, 2, -1, None, None)"
1549,"(945864, 1, 5, -1, None, None)"
1550,"(946496, 1, 2, -1, None, None)"
1551,"(947485, 1, 5, -1, None, None)"
1552,"(947488, 1, 1, -1, None, None)"
1553,"(947829, 1, 9, -1, None, None)"
1554,"(948017, 1, -1, 4, None, None)"
1555,"(948266, 1, 4, -1, None, None)"
1556,"(949176, 1, -1, 1, None, None)"
1557,"(949478, 1, 1, -1, None, None)"
1558,"(951086, 1, -1, 5, None, None)"
1559,"(951226, 1, -1, 8, None, None)"
1560,"(952201, 1, -1, 9, None, None)"
1561,"(952377, 1, 7, -1, None, None)"
1562,"(952764, 1, -1, 0, None, None)"
1563,"(953590, 1, 3, -1, None, None)"
1564,"(954324, 1, -1, 9, None, None)"
1565,"(954545, 1, -1, 3, None, None)"
1566,"(954885, 1, -1, 0, None, None)"
1567,"(954979, 1, -1, 2, None, None)"
1568,"(955481, 1, 8, -1, None, None)"
1569,"(956049, 1, 4, -1, None, None)"
1570,"(956559, 1, 8, -1, None, None)"
1571,"(956584, 1, 1, -1, None, None)"
1572,"(957290, 1, -1, 4, None, None)"
1573,"(957448, 1, 3, -1, None, None)"
1574,"(957454, 1, -1, 0, None, None)"
1575,"(957870, 1, -1, 3, None, None)"
1576,"(959146, 1, 1, -1, None, None)"
1577,"(961853, 1, 4, -1, None, None)"
1578,"(962226, 1, 8, -1, None, None)"
1579,"(962932, 1, -1, 7, None, None)"
1580,"(964022, 1, 5, -1, None, None)"
1581,"(965117, 1, -1, 9, None, None)"
1582,"(965319, 1, 4, -1, None, None)"
1583,"(965540, 1, -1, 6, None, None)"
1584,"(965747, 1, -1, 7, None, None)"
1585,"(966517, 1, 4, -1, None, None)"
1586,"(966720, 1, -1, 4, None, None)"
1587,"(966845, 1, 3, -1, None, None)"
1588,"(967265, 1, 5, -1, None, None)"
1589,"(967696, 1, -1, 1, None, None)"
1590,"(968770, 1, -1, 2, None, None)"
1591,"(968928, 1, 5, -1, None, None)"
1592,"(969176, 1, -1, 8, None, None)"
1593,"(970446, 1, -1, 6, None, None)"
1594,"(970696, 1, -1, 8, None, None)"
1595,"(972082, 1, 8, -1, None, None)"
1596,"(972156, 1, -1, 4, None, None)"
1597,"(972376, 1, 9, -1, None, None)"
1598,"(973006, 1, 0, -1, None, None)"
1599,"(973698, 1, 0, -1, None, None)"
1600,"(973989, 1, 7, -1, None, None)"
1601,"(974878, 1, 4, -1, None, None)"
1602,"(975031, 1, -1, 3, None, None)"
1603,"(975173, 1, -1, 1, None, None)"
1604,"(975783, 1, 8, -1, None, None)"
1605,"(976452, 1, -1, 8, None, None)"
1606,"(977319, 1, 9, -1, None, None)"
1607,"(977692, 1, -1, 1, None, None)"
1608,"(977889, 1, 9, -1, None, None)"
1609,"(979535, 1, -1, 9, None, None)"
1610,"(980195, 1, -1, 2, None, None)"
1611,"(981262, 1, 8, -1, None, None)"
1612,"(981411, 1, -1, 2, None, None)"
1613,"(981536, 1, -1, 9, None, None)"
1614,"(983499, 1, 2, -1, None, None)"
1615,"(984244, 1, -1, 0, None, None)"
1616,"(984578, 1, -1, 6, None, None)"
1617,"(985271, 1, -1, 0, None, None)"
1618,"(986856, 1, -1, 6, None, None)"
1619,"(987745, 1, -1, 8, None, None)"
1620,"(988030, 1, -1, 3, None, None)"
1621,"(988318, 1, 3, -1, None, None)"
1622,"(988561, 1, -1, 1, None, None)"
1623,"(989748, 1, 7, -1, None, None)"
1624,"(989983, 1, 0, -1, None, None)"
1625,"(990239, 1, -1, 8, None, None)"
1626,"(990400, 1, 3, -1, None, None)"
1627,"(990433, 1, 1, -1, None, None)"
1628,"(991129, 1, 4, -1, None, None)"
1629,"(991219, 1, -1, 3, None, None)"
1630,"(991474, 1, -1, 9, None, None)"
1631,"(991542, 1, -1, 7, None, None)"
1632,"(992054, 1, -1, 8, None, None)"
1633,"(992123, 1, -1, 4, None, None)"
1634,"(993189, 1, -1, 5, None, None)"
1635,"(993740, 1, 9, -1, None, None)"
1636,"(994638, 1, 4, -1, None, None)"
1637,"(995440, 1, -1, 6, None, None)"
1638,"(996880, 1, 2, -1, None, None)"
1639,"(997327, 1, -1, 4, None, None)"
1640,"(997329, 1, -1, 3, None, None)"
1641,"(997497, 1, 3, -1, None, None)"
1642,"(998902, 1, -1, 9, None, None)"
1643,"(1001116, 1, 6, -1, None, None)"
1644,"(1001167, 1, 8, -1, None, None)"
1645,"(1001676, 1, 6, -1, None, None)"
1646,"(1001773, 1, 7, -1, None, None)"
1647,"(1002410, 1, 9, -1, None, None)"
1648,"(1002661, 1, -1, 9, None, None)"
1649,"(1002854, 1, -1, 5, None, None)"
1650,"(1005589, 1, 7, -1, None, None)"
1651,"(1006385, 1, -1, 4, None, None)"
1652,"(1007381, 1, -1, 1, None, None)"
1653,"(1007714, 1, 5, -1, None, None)"
1654,"(1008188, 1, -1, 9, None, None)"
1655,"(1008378, 1, 8, -1, None, None)"
1656,"(1008498, 1, 1, -1, None, None)"
1657,"(1008673, 1, -1, 8, None, None)"
1658,"(1009373, 1, 4, -1, None, None)"
1659,"(1010469, 1, 8, -1, None, None)"
1660,"(1010528, 1, -1, 6, None, None)"
1661,"(1011114, 1, 1, -1, None, None)"
1662,"(1011541, 1, -1, 6, None, None)"
1663,"(1011746, 1, -1, 4, None, None)"
1664,"(1012040, 1, 1, -1, None, None)"
1665,"(1012671, 1, 9, -1, None, None)"
1666,"(1013587, 1, 8, -1, None, None)"
1667,"(1013797, 1, 0, -1, None, None)"
1668,"(1014241, 1, -1, 2, None, None)"
1669,"(1015832, 1, -1, 0, None, None)"
1670,"(1015943, 1, 0, -1, None, None)"
1671,"(1016482, 1, 3, -1, None, None)"
1672,"(1019232, 1, 0, -1, None, None)"
1673,"(1020927, 1, -1, 4, None, None)"
